763	1	2018-01-14 12:12:15	2018-01-14 11:12:15		Cyrface		private	closed	closed		cyrface			2024-01-20 17:37:33	2024-01-20 16:37:33		0	http://saezlab.org/wpt/?post_type=tool&#038;p=763	10	tool		0
764	1	2018-01-14 12:14:35	2018-01-14 11:14:35		CySBGN		private	closed	closed		cysbgn			2024-01-20 17:38:27	2024-01-20 16:38:27		0	http://saezlab.org/wpt/?post_type=tool&#038;p=764	11	tool		0
768	1	2018-01-14 12:21:02	2018-01-14 11:21:02		KinAct		private	closed	closed		kinact			2024-01-20 16:13:13	2024-01-20 15:13:13		0	http://saezlab.org/wpt/?post_type=tool&#038;p=768	16	tool		0
772	1	2018-01-14 12:27:52	2018-01-14 11:27:52		iNRG-cMap		private	closed	closed		inrg-cmap			2024-01-20 16:13:56	2024-01-20 15:13:56		0	http://saezlab.org/wpt/?post_type=tool&#038;p=772	15	tool		0
645	1	2017-10-25 11:45:08	2017-10-25 09:45:08		CellNOpt		publish	closed	closed		cellnopt			2024-01-20 17:55:02	2024-01-20 16:55:02		0	http://saezlab.org/wpt/?post_type=tool&#038;p=645	1	tool		0
647	1	2017-10-25 11:47:02	2017-10-25 09:47:02		OmniPath		publish	closed	closed		omnipath			2024-01-20 17:52:16	2024-01-20 16:52:16		0	http://saezlab.org/wpt/?post_type=tool&#038;p=647	5	tool		0
649	1	2017-10-25 11:49:45	2017-10-25 09:49:45		PHONEMeS		publish	closed	closed		phonemes			2024-01-20 17:47:43	2024-01-20 16:47:43		0	http://saezlab.org/wpt/?post_type=tool&#038;p=649	6	tool		0
762	1	2018-01-14 12:09:45	2018-01-14 11:09:45		BioServices		publish	closed	closed		bioservices			2024-01-21 20:27:57	2024-01-21 19:27:57		0	http://saezlab.org/wpt/?post_type=tool&#038;p=762	8	tool		0
765	1	2018-01-14 12:17:03	2018-01-14 11:17:03		DREAMTools		publish	closed	closed		dreamtools			2024-01-20 17:45:32	2024-01-20 16:45:32		0	http://saezlab.org/wpt/?post_type=tool&#038;p=765	12	tool		0
766	1	2018-01-14 12:18:33	2018-01-14 11:18:33		DrugVsDisease		publish	closed	closed		drugvsdisease			2024-01-20 17:42:47	2024-01-20 16:42:47		0	http://saezlab.org/wpt/?post_type=tool&#038;p=766	13	tool		0
767	1	2018-01-14 12:19:42	2018-01-14 11:19:42		GDSCTools		publish	closed	closed		gdsctools			2024-01-20 17:41:45	2024-01-20 16:41:45		0	http://saezlab.org/wpt/?post_type=tool&#038;p=767	14	tool		0
769	1	2018-01-14 12:22:24	2018-01-14 11:22:24		MEIGO		publish	closed	closed		meigo			2024-01-20 17:40:33	2024-01-20 16:40:33		0	http://saezlab.org/wpt/?post_type=tool&#038;p=769	18	tool		0
770	1	2018-01-14 12:25:05	2018-01-14 11:25:05		Birewire		publish	closed	closed		birewire			2024-01-21 20:30:13	2024-01-21 19:30:13		0	http://saezlab.org/wpt/?post_type=tool&#038;p=770	9	tool		0
773	1	2018-01-14 12:29:50	2018-01-14 11:29:50		SLAPenrich		publish	closed	closed		slapenrich			2024-01-20 17:35:31	2024-01-20 16:35:31		0	http://saezlab.org/wpt/?post_type=tool&#038;p=773	19	tool		0
774	1	2018-01-14 12:31:11	2018-01-14 11:31:11		PROGENy		publish	closed	closed		progeny			2024-01-20 21:51:36	2024-01-20 20:51:36		0	http://saezlab.org/wpt/?post_type=tool&#038;p=774	7	tool		0
858	1	2018-04-11 10:29:19	2018-04-11 08:29:19		DoRothEA		publish	closed	closed		dorothea			2024-01-21 20:26:15	2024-01-21 19:26:15		0	http://saezlab.org/?post_type=tool&#038;p=858	4	tool		0
862	1	2018-04-16 11:03:22	2018-04-16 09:03:22		CARNIVAL		publish	closed	closed		carnival			2024-01-21 20:27:16	2024-01-21 19:27:16		0	http://saezlab.org/?post_type=tool&#038;p=862	0	tool		0
1020	1	2018-11-09 23:56:26	2018-11-09 22:56:26		lipyd		publish	closed	closed		lipyd			2024-01-20 17:30:36	2024-01-20 16:30:36		0	http://saezlab.org/?post_type=tool&#038;p=1020	17	tool		0
1258	1	2020-04-27 17:46:00	2020-04-27 15:46:00		COSMOS		publish	closed	closed		cosmos			2024-01-20 17:29:52	2024-01-20 16:29:52		0	http://saezlab.org/?post_type=tool&#038;p=1258	2	tool		0
1267	3	2020-04-30 13:11:33	2020-04-30 11:11:33		MISTy		publish	closed	closed		misty			2024-01-20 21:47:25	2024-01-20 20:47:25		0	http://saezlab.org/?post_type=tool&#038;p=1267	4	tool		0
1435	1	2020-12-16 14:36:03	2020-12-16 13:36:03		decoupleR		publish	closed	closed		decoupler			2024-01-20 21:46:27	2024-01-20 20:46:27		0	https://saezlab.org/?post_type=tool&#038;p=1435	3	tool		0
2183	1	2021-06-25 14:36:52	2021-06-25 12:36:52		LIANA		publish	closed	closed		liana			2024-01-20 18:06:36	2024-01-20 17:06:36		0	https://saezlab.org/?post_type=tool&#038;p=2183	0	tool		0
3485	3	2021-09-14 14:15:50	2021-09-14 12:15:50		FUNKI		publish	closed	closed		funki			2024-01-20 21:45:49	2024-01-20 20:45:49		0	https://saezlab.org/?post_type=tool&#038;p=3485	0	tool		0
3742	1	2023-01-12 18:10:46	2023-01-12 17:10:46		ocEAn		publish	closed	closed		ocean			2024-01-20 17:49:21	2024-01-20 16:49:21		0	https://saezlab.org/?post_type=tool&#038;p=3742	0	tool		0
3780	1	2023-03-22 20:37:36	2023-03-22 19:37:36		BioCypher		publish	closed	closed		biocypher			2024-01-20 21:38:33	2024-01-20 20:38:33		0	https://saezlab.org/?post_type=tool&#038;p=3780	0	tool		0
3894	1	2024-01-20 16:04:09	2024-01-20 15:04:09		BioChatter		publish	closed	closed		biochatter			2024-01-20 21:40:04	2024-01-20 20:40:04		0	https://saezlab.org/?post_type=tool&#038;p=3894	0	tool		0
3903	1	2024-01-20 17:10:24	2024-01-20 16:10:24		CORNETO		publish	closed	closed		corneto			2024-01-20 20:07:08	2024-01-20 19:07:08		0	https://saezlab.org/?post_type=tool&#038;p=3903	0	tool		0
3904	1	2024-01-20 17:16:51	2024-01-20 16:16:51		LIANA+		publish	closed	closed		liana-2			2024-01-20 17:16:51	2024-01-20 16:16:51		0	https://saezlab.org/?post_type=tool&#038;p=3904	0	tool		0
3905	1	2024-01-20 17:19:21	2024-01-20 16:19:21		DOT		publish	closed	closed		dot			2024-01-20 21:36:49	2024-01-20 20:36:49		0	https://saezlab.org/?post_type=tool&#038;p=3905	0	tool		0
3907	1	2024-01-20 18:02:51	2024-01-20 17:02:51		CollecTRI		publish	closed	closed		collectri			2024-01-20 22:46:52	2024-01-20 21:46:52		0	https://saezlab.org/?post_type=tool&#038;p=3907	0	tool		0
3909	1	2024-01-20 20:04:33	2024-01-20 19:04:33		MetalinksDB		publish	closed	closed		metalinksdb			2024-01-20 21:37:15	2024-01-20 20:37:15		0	https://saezlab.org/?post_type=tool&#038;p=3909	0	tool		0
